avg,w,y,m
0.3318093717098236,14,2016,3
0.34430593252182007,15,2016,3
0.3514692783355713,16,2016,3
0.35298460721969604,17,2016,3
0.3541087508201599,18,2016,4
0.35719648003578186,19,2016,4
0.3579005002975464,20,2016,4
0.35457852482795715,21,2016,4
0.3510379195213318,22,2016,4
0.3457959294319153,23,2016,5
0.3398111164569855,24,2016,5
0.3324531018733978,25,2016,5
0.3232789635658264,26,2016,5
0.31785067915916443,27,2016,6
0.31397098302841187,28,2016,6
0.31053072214126587,29,2016,6
0.30552753806114197,30,2016,6
0.299588680267334,31,2016,6
0.29482704401016235,32,2016,7
0.28932249546051025,33,2016,7
0.2822597622871399,34,2016,7
0.2764759659767151,35,2016,7
0.2708800435066223,36,2016,8
0.26464757323265076,37,2016,8
0.26159679889678955,38,2016,8
0.2585330903530121,39,2016,8
0.25448939204216003,40,2016,8
0.25018802285194397,41,2016,9
0.244522362947464,42,2016,9
0.24104343354701996,43,2016,9
0.23886887729167938,44,2016,9
0.23557178676128387,45,2016,10
0.23331700265407562,46,2016,10
0.23050889372825623,47,2016,10
0.22966541349887848,48,2016,10
0.2304316908121109,49,2016,10
0.23387673497200012,50,2016,11
0.2378423660993576,51,2016,11
0.24362070858478546,52,2016,11
0.2566283047199249,1,2017,0
0.2595663070678711,2,2017,0
0.2600369453430176,3,2017,0
0.2643299400806427,4,2017,0
0.27140024304389954,5,2017,1
0.27712482213974,6,2017,1
0.2845260500907898,7,2017,1
0.29794105887413025,8,2017,1
0.31152430176734924,9,2017,2
0.3238646686077118,10,2017,2
0.33516037464141846,11,2017,2
0.34523797035217285,12,2017,2
0.3570694923400879,13,2017,2
0.36505362391471863,14,2017,3
0.3683485984802246,15,2017,3
0.36590829491615295,16,2017,3
0.3614249527454376,17,2017,3
0.3571036756038666,18,2017,4
0.3488422930240631,19,2017,4
0.33944734930992126,20,2017,4
0.33259597420692444,21,2017,4
0.3259865343570709,22,2017,4
0.3186565935611725,23,2017,5
0.3104861080646515,24,2017,5
0.3057532012462616,25,2017,5
0.30167797207832336,26,2017,5
0.2981661260128021,27,2017,6
0.29592013359069824,28,2017,6
0.29405415058135986,29,2017,6
0.29531824588775635,30,2017,6
0.323673278093338,22,2014,4
0.316206693649292,23,2014,5
0.31127578020095825,24,2014,5
0.30634745955467224,25,2014,5
0.30243781208992004,26,2014,5
0.2989499270915985,27,2014,6
0.29581397771835327,28,2014,6
0.2935366630554199,29,2014,6
0.2901395559310913,30,2014,6
0.2854166030883789,31,2014,6
0.28178706765174866,32,2014,7
0.2786167860031128,33,2014,7
0.2725239396095276,34,2014,7
0.2668323516845703,35,2014,7
0.2618880867958069,36,2014,8
0.2567139267921448,37,2014,8
0.251824289560318,38,2014,8
0.24980215728282928,39,2014,8
0.25187087059020996,40,2014,8
0.2554646134376526,41,2014,9
0.2591526508331299,42,2014,9
0.26093024015426636,43,2014,9
0.2597353160381317,44,2014,9
0.25818485021591187,45,2014,10
0.25663694739341736,46,2014,10
0.2553914189338684,47,2014,10
0.2587888836860657,48,2014,10
0.2671986520290375,49,2014,10
0.27510252594947815,50,2014,11
0.2815697193145752,51,2014,11
0.28556641936302185,52,2014,11
0.284981906414032,1,2015,0
0.2825446128845215,2,2015,0
0.2786444425582886,3,2015,0
0.2743729054927826,4,2015,0
0.26816609501838684,5,2015,1
0.26916587352752686,6,2015,1
0.27658218145370483,7,2015,1
0.28472599387168884,8,2015,1
0.2937617599964142,9,2015,2
0.30407288670539856,10,2015,2
0.3139342665672302,11,2015,2
0.32414281368255615,12,2015,2
0.33165058493614197,13,2015,2
0.3373742997646332,14,2015,3
0.34325700998306274,15,2015,3
0.3477763533592224,16,2015,3
0.34953731298446655,17,2015,3
0.34867340326309204,18,2015,4
0.3499765396118164,19,2015,4
0.34825146198272705,20,2015,4
0.3406231701374054,21,2015,4
0.3311839997768402,22,2015,4
0.3221738040447235,23,2015,5
0.3139764964580536,24,2015,5
0.3072717487812042,25,2015,5
0.30204877257347107,26,2015,5
0.2973802089691162,27,2015,6
0.292178213596344,28,2015,6
0.2865354120731354,29,2015,6
0.28114980459213257,30,2015,6
0.278754323720932,31,2015,6
0.27689751982688904,32,2015,7
0.2715579569339752,33,2015,7
0.2686372697353363,34,2015,7
0.2669370174407959,35,2015,7
0.2654975652694702,36,2015,8
0.26323604583740234,37,2015,8
0.26186004281044006,38,2015,8
0.26178330183029175,39,2015,8
0.26056596636772156,40,2015,8
0.25907549262046814,41,2015,9
0.25845763087272644,42,2015,9
0.25841036438941956,43,2015,9
0.26111871004104614,44,2015,9
0.26412689685821533,45,2015,10
0.263016015291214,46,2015,10
0.2611396908760071,47,2015,10
0.259462833404541,48,2015,10
0.2544565498828888,49,2015,10
0.24868449568748474,50,2015,11
0.24537129700183868,51,2015,11
0.24421630799770355,52,2015,11
0.2463904768228531,1,2016,0
0.2522321343421936,2,2016,0
0.26025769114494324,3,2016,0
0.2672964930534363,4,2016,0
0.27559906244277954,5,2016,1
0.2847035825252533,6,2016,1
0.290661484003067,7,2016,1
0.296088844537735,8,2016,1
0.303151398897171,9,2016,2
0.3085733950138092,10,2016,2
0.3156997561454773,11,2016,2
0.3255855143070221,12,2016,2
0.3277800977230072,13,2016,2
0.28563839197158813,30,2012,6
0.27993208169937134,31,2012,6
0.2738169729709625,32,2012,7
0.27004146575927734,33,2012,7
0.26656752824783325,34,2012,7
0.26287421584129333,35,2012,7
0.2596410810947418,36,2012,8
0.2577497661113739,37,2012,8
0.2551398277282715,38,2012,8
0.251976877450943,39,2012,8
0.2511436939239502,40,2012,8
0.252286434173584,41,2012,9
0.2552412450313568,42,2012,9
0.2573683261871338,43,2012,9
0.2582583427429199,44,2012,9
0.26039519906044006,45,2012,10
0.2659214735031128,46,2012,10
0.26676857471466064,47,2012,10
0.26522886753082275,48,2012,10
0.26613476872444153,49,2012,10
0.2707383930683136,50,2012,11
0.2734690308570862,51,2012,11
0.2743817865848541,52,2012,11
0.2751202881336212,1,2013,0
0.2755851745605469,2,2013,0
0.27426549792289734,3,2013,0
0.2738392651081085,4,2013,0
0.2750428318977356,5,2013,1
0.2766207754611969,6,2013,1
0.2795182168483734,7,2013,1
0.2816266715526581,8,2013,1
0.28556689620018005,9,2013,2
0.29015278816223145,10,2013,2
0.29573702812194824,11,2013,2
0.3038384020328522,12,2013,2
0.3142359256744385,13,2013,2
0.3259579539299011,14,2013,3
0.33886706829071045,15,2013,3
0.3461836278438568,16,2013,3
0.3526495397090912,17,2013,3
0.35576844215393066,18,2013,4
0.3538944125175476,19,2013,4
0.3529072403907776,20,2013,4
0.3529297113418579,21,2013,4
0.35242435336112976,22,2013,4
0.3492232859134674,23,2013,5
0.3450356423854828,24,2013,5
0.34088993072509766,25,2013,5
0.3328476846218109,26,2013,5
0.32568344473838806,27,2013,6
0.3199618458747864,28,2013,6
0.31430837512016296,29,2013,6
0.3106403946876526,30,2013,6
0.30712762475013733,31,2013,6
0.30272242426872253,32,2013,7
0.2982611358165741,33,2013,7
0.2945908308029175,34,2013,7
0.28929269313812256,35,2013,7
0.28394392132759094,36,2013,8
0.2817002534866333,37,2013,8
0.2787061929702759,38,2013,8
0.2736387848854065,39,2013,8
0.2698938846588135,40,2013,8
0.26698827743530273,41,2013,9
0.26724061369895935,42,2013,9
0.2667604088783264,43,2013,9
0.2665950059890747,44,2013,9
0.2668435275554657,45,2013,10
0.26747560501098633,46,2013,10
0.2670266926288605,47,2013,10
0.26500704884529114,48,2013,10
0.2607887089252472,49,2013,10
0.25425559282302856,50,2013,11
0.24531884491443634,51,2013,11
0.23678137362003326,52,2013,11
0.22973883152008057,1,2014,0
0.2264273464679718,2,2014,0
0.22736035287380219,3,2014,0
0.2315182238817215,4,2014,0
0.2377554178237915,5,2014,1
0.24646419286727905,6,2014,1
0.2559971809387207,7,2014,1
0.26801037788391113,8,2014,1
0.28161826729774475,9,2014,2
0.2940477430820465,10,2014,2
0.3039339780807495,11,2014,2
0.3132621943950653,12,2014,2
0.3205708861351013,13,2014,2
0.3278292119503021,14,2014,3
0.3353284001350403,15,2014,3
0.3425425887107849,16,2014,3
0.3467552661895752,17,2014,3
0.34781137108802795,18,2014,4
0.3446011245250702,19,2014,4
0.33827751874923706,20,2014,4
0.33030542731285095,21,2014,4
0.28515172004699707,38,2010,8
0.2828710973262787,39,2010,8
0.2816300392150879,40,2010,8
0.2805313169956207,41,2010,9
0.2775844633579254,42,2010,9
0.2743009924888611,43,2010,9
0.26971158385276794,44,2010,9
0.26415684819221497,45,2010,10
0.2596161663532257,46,2010,10
0.25539007782936096,47,2010,10
0.25858208537101746,48,2010,10
0.26167377829551697,49,2010,10
0.2639589011669159,50,2010,11
0.26698511838912964,51,2010,11
0.27140769362449646,52,2010,11
0.26142406463623047,1,2011,0
0.26764824986457825,2,2011,0
0.2725275456905365,3,2011,0
0.2781633734703064,4,2011,0
0.2816773056983948,5,2011,1
0.28331276774406433,6,2011,1
0.28404000401496887,7,2011,1
0.28760066628456116,8,2011,1
0.29449591040611267,9,2011,2
0.3020699620246887,10,2011,2
0.31044870615005493,11,2011,2
0.3213295340538025,12,2011,2
0.3312678039073944,13,2011,2
0.33782726526260376,14,2011,3
0.3431621789932251,15,2011,3
0.3444244861602783,16,2011,3
0.34649658203125,17,2011,3
0.3498317003250122,18,2011,4
0.3503994345664978,19,2011,4
0.34786728024482727,20,2011,4
0.3440152406692505,21,2011,4
0.33779823780059814,22,2011,4
0.33105069398880005,23,2011,5
0.3247140645980835,24,2011,5
0.3207552433013916,25,2011,5
0.3165135383605957,26,2011,5
0.30982705950737,27,2011,6
0.30341553688049316,28,2011,6
0.2967780530452728,29,2011,6
0.29196786880493164,30,2011,6
0.2893352806568146,31,2011,6
0.2856239080429077,32,2011,7
0.2823551595211029,33,2011,7
0.2803501784801483,34,2011,7
0.27791088819503784,35,2011,7
0.27453064918518066,36,2011,8
0.2709338963031769,37,2011,8
0.2683289051055908,38,2011,8
0.26429107785224915,39,2011,8
0.2591261863708496,40,2011,8
0.2542940080165863,41,2011,9
0.24844704568386078,42,2011,9
0.2408110499382019,43,2011,9
0.23619790375232697,44,2011,9
0.23703515529632568,45,2011,10
0.2395058274269104,46,2011,10
0.24450649321079254,47,2011,10
0.24867714941501617,48,2011,10
0.25367313623428345,49,2011,10
0.2598738968372345,50,2011,11
0.2657402753829956,51,2011,11
0.27094194293022156,52,2011,11
0.27612578868865967,1,2012,0
0.2804565727710724,2,2012,0
0.2825532555580139,3,2012,0
0.2837466895580292,4,2012,0
0.28654944896698,5,2012,1
0.2907066345214844,6,2012,1
0.290898859500885,7,2012,1
0.29246455430984497,8,2012,1
0.29473409056663513,9,2012,2
0.29432788491249084,10,2012,2
0.2940412759780884,11,2012,2
0.29432448744773865,12,2012,2
0.29589590430259705,13,2012,2
0.29635411500930786,14,2012,3
0.29530391097068787,15,2012,3
0.2948993742465973,16,2012,3
0.29884129762649536,17,2012,3
0.30406302213668823,18,2012,4
0.3113801181316376,19,2012,4
0.3187163472175598,20,2012,4
0.32326459884643555,21,2012,4
0.32261142134666443,22,2012,4
0.3189922571182251,23,2012,5
0.31493186950683594,24,2012,5
0.3101179599761963,25,2012,5
0.30562061071395874,26,2012,5
0.3010493516921997,27,2012,6
0.29596641659736633,28,2012,6
0.29114237427711487,29,2012,6
0.24495919048786163,46,2008,10
0.24265703558921814,47,2008,10
0.24036674201488495,48,2008,10
0.2405705749988556,49,2008,10
0.24127139151096344,50,2008,11
0.24324823915958405,51,2008,11
0.2488144487142563,52,2008,11
0.251139372587204,1,2009,0
0.24967436492443085,2,2009,0
0.24877601861953735,3,2009,0
0.2531181275844574,4,2009,0
0.2627728581428528,5,2009,1
0.27359914779663086,6,2009,1
0.2836739420890808,7,2009,1
0.2939801812171936,8,2009,1
0.30452704429626465,9,2009,2
0.31234487891197205,10,2009,2
0.3193652927875519,11,2009,2
0.32540562748908997,12,2009,2
0.33073338866233826,13,2009,2
0.33542129397392273,14,2009,3
0.3375890254974365,15,2009,3
0.33953940868377686,16,2009,3
0.34103062748908997,17,2009,3
0.342863529920578,18,2009,4
0.33934086561203003,19,2009,4
0.3341931700706482,20,2009,4
0.328590452671051,21,2009,4
0.3247162401676178,22,2009,4
0.3195190727710724,23,2009,5
0.3133474886417389,24,2009,5
0.30551186203956604,25,2009,5
0.3010813593864441,26,2009,5
0.2986461818218231,27,2009,6
0.2959894835948944,28,2009,6
0.2918562889099121,29,2009,6
0.287881076335907,30,2009,6
0.28524884581565857,31,2009,6
0.2807345986366272,32,2009,7
0.2759237289428711,33,2009,7
0.2727999985218048,34,2009,7
0.2699398994445801,35,2009,7
0.26563340425491333,36,2009,8
0.26058709621429443,37,2009,8
0.2562927007675171,38,2009,8
0.25480201840400696,39,2009,8
0.2565450668334961,40,2009,8
0.2556680738925934,41,2009,9
0.2530553340911865,42,2009,9
0.2514089047908783,43,2009,9
0.24776028096675873,44,2009,9
0.2424868941307068,45,2009,10
0.23685698211193085,46,2009,10
0.23435179889202118,47,2009,10
0.23476137220859528,48,2009,10
0.23338277637958527,49,2009,10
0.23055575788021088,50,2009,11
0.22617481648921967,51,2009,11
0.2222389429807663,52,2009,11
0.2219882756471634,1,2010,0
0.22567827999591827,2,2010,0
0.2345518320798874,3,2010,0
0.24539409577846527,4,2010,0
0.249561607837677,5,2010,1
0.2514447569847107,6,2010,1
0.25590163469314575,7,2010,1
0.26148951053619385,8,2010,1
0.26656821370124817,9,2010,2
0.27621927857398987,10,2010,2
0.29054638743400574,11,2010,2
0.29942646622657776,12,2010,2
0.30865901708602905,13,2010,2
0.3188802897930145,14,2010,3
0.3280271589756012,15,2010,3
0.33591657876968384,16,2010,3
0.339606374502182,17,2010,3
0.3431694209575653,18,2010,4
0.34938836097717285,19,2010,4
0.3524062931537628,20,2010,4
0.3519582450389862,21,2010,4
0.3470168709754944,22,2010,4
0.3430384695529938,23,2010,5
0.338121622800827,24,2010,5
0.32960620522499084,25,2010,5
0.32614579796791077,26,2010,5
0.32381778955459595,27,2010,6
0.31897255778312683,28,2010,6
0.3144732713699341,29,2010,6
0.3089957535266876,30,2010,6
0.3048841059207916,31,2010,6
0.3017788529396057,32,2010,7
0.2984657883644104,33,2010,7
0.29505789279937744,34,2010,7
0.292959064245224,35,2010,7
0.29121169447898865,36,2010,8
0.2881348431110382,37,2010,8
0.28335148096084595,2,2007,0
0.28327322006225586,3,2007,0
0.28389808535575867,4,2007,0
0.2855837941169739,5,2007,1
0.2876600921154022,6,2007,1
0.29392966628074646,7,2007,1
0.3040861189365387,8,2007,1
0.3130742013454437,9,2007,2
0.31769970059394836,10,2007,2
0.3170497417449951,11,2007,2
0.31627312302589417,12,2007,2
0.3137705326080322,13,2007,2
0.3101866841316223,14,2007,3
0.31338977813720703,15,2007,3
0.32490023970603943,16,2007,3
0.33332470059394836,17,2007,3
0.3384278118610382,18,2007,4
0.339375376701355,19,2007,4
0.33809787034988403,20,2007,4
0.33527514338493347,21,2007,4
0.3302370309829712,22,2007,4
0.3252953290939331,23,2007,5
0.32194334268569946,24,2007,5
0.31999412178993225,25,2007,5
0.3169120252132416,26,2007,5
0.31037864089012146,27,2007,6
0.30708855390548706,28,2007,6
0.3052602708339691,29,2007,6
0.299071341753006,30,2007,6
0.29312095046043396,31,2007,6
0.2892371416091919,32,2007,7
0.28383806347846985,33,2007,7
0.2797565758228302,34,2007,7
0.27680423855781555,35,2007,7
0.2728908061981201,36,2007,8
0.27085307240486145,37,2007,8
0.26940247416496277,38,2007,8
0.2701027989387512,39,2007,8
0.2711459994316101,40,2007,8
0.27411124110221863,41,2007,9
0.2785058319568634,42,2007,9
0.2800854742527008,43,2007,9
0.27801206707954407,44,2007,9
0.2754139304161072,45,2007,10
0.2713967561721802,46,2007,10
0.2654849886894226,47,2007,10
0.2623372972011566,48,2007,10
0.2577640414237976,49,2007,10
0.25548413395881653,50,2007,11
0.25423508882522583,51,2007,11
0.2536957859992981,52,2007,11
0.25291961431503296,1,2008,0
0.2579538822174072,2,2008,0
0.26500970125198364,3,2008,0
0.27243971824645996,4,2008,0
0.2772122621536255,5,2008,1
0.2831897735595703,6,2008,1
0.29095789790153503,7,2008,1
0.29749545454978943,8,2008,1
0.3040386140346527,9,2008,2
0.3129138648509979,10,2008,2
0.3204854726791382,11,2008,2
0.3246138393878937,12,2008,2
0.3245500922203064,13,2008,2
0.32536253333091736,14,2008,3
0.3257833421230316,15,2008,3
0.3247474133968353,16,2008,3
0.320942223072052,17,2008,3
0.31444787979125977,18,2008,4
0.3082848787307739,19,2008,4
0.30230921506881714,20,2008,4
0.3004211485385895,21,2008,4
0.30307817459106445,22,2008,4
0.31098657846450806,23,2008,5
0.3183367848396301,24,2008,5
0.32100751996040344,25,2008,5
0.32082101702690125,26,2008,5
0.32036128640174866,27,2008,6
0.3162471055984497,28,2008,6
0.31252753734588623,29,2008,6
0.3104470670223236,30,2008,6
0.30655577778816223,31,2008,6
0.30038946866989136,32,2008,7
0.2947264611721039,33,2008,7
0.2893173396587372,34,2008,7
0.28246670961380005,35,2008,7
0.2775518000125885,36,2008,8
0.27284666895866394,37,2008,8
0.26790812611579895,38,2008,8
0.2641127407550812,39,2008,8
0.2580837905406952,40,2008,8
0.25298428535461426,41,2008,9
0.24844643473625183,42,2008,9
0.24580100178718567,43,2008,9
0.24692867696285248,44,2008,9
0.24631430208683014,45,2008,10
0.25896987318992615,11,2005,2
0.26135924458503723,12,2005,2
0.2681923806667328,13,2005,2
0.27989885210990906,14,2005,3
0.2930757701396942,15,2005,3
0.30544617772102356,16,2005,3
0.3146064281463623,17,2005,3
0.3185654282569885,18,2005,4
0.3206579387187958,19,2005,4
0.31881919503211975,20,2005,4
0.3143211901187897,21,2005,4
0.30770236253738403,22,2005,4
0.30116185545921326,23,2005,5
0.30714648962020874,23,2005,5
0.29715561866760254,24,2005,5
0.293113648891449,25,2005,5
0.2901621460914612,26,2005,5
0.28933265805244446,27,2005,6
0.2859611213207245,28,2005,6
0.281457781791687,29,2005,6
0.2785120904445648,30,2005,6
0.2750217616558075,31,2005,6
0.2711828052997589,32,2005,7
0.26762938499450684,33,2005,7
0.2630813419818878,34,2005,7
0.25986117124557495,35,2005,7
0.25919440388679504,36,2005,8
0.25747522711753845,37,2005,8
0.2563264071941376,38,2005,8
0.2528822720050812,39,2005,8
0.24891483783721924,40,2005,8
0.2446965128183365,41,2005,9
0.23953747749328613,42,2005,9
0.23978880047798157,43,2005,9
0.24333985149860382,44,2005,9
0.2454943060874939,45,2005,10
0.24730102717876434,46,2005,10
0.25023266673088074,47,2005,10
0.25350406765937805,48,2005,10
0.2598993480205536,49,2005,10
0.26224011182785034,50,2005,11
0.2649630010128021,51,2005,11
0.26589396595954895,52,2005,11
0.2647043466567993,1,2006,0
0.265593558549881,2,2006,0
0.26731860637664795,3,2006,0
0.2715589106082916,4,2006,0
0.2735288143157959,5,2006,1
0.27281686663627625,6,2006,1
0.2743351459503174,7,2006,1
0.277724951505661,8,2006,1
0.28139904141426086,9,2006,2
0.2873360514640808,10,2006,2
0.29811573028564453,11,2006,2
0.3089997470378876,12,2006,2
0.3192552626132965,13,2006,2
0.32744869589805603,14,2006,3
0.33721262216567993,15,2006,3
0.3445102870464325,16,2006,3
0.34779059886932373,17,2006,3
0.34648028016090393,18,2006,4
0.3451969623565674,19,2006,4
0.34307247400283813,20,2006,4
0.33700793981552124,21,2006,4
0.32664793729782104,22,2006,4
0.3157753646373749,23,2006,5
0.30520519614219666,24,2006,5
0.2953496277332306,25,2006,5
0.286347895860672,26,2006,5
0.28186896443367004,27,2006,6
0.2804478704929352,28,2006,6
0.277920126914978,29,2006,6
0.27439141273498535,30,2006,6
0.27262264490127563,31,2006,6
0.27262255549430847,32,2006,7
0.2710646092891693,33,2006,7
0.2673571705818176,34,2006,7
0.26236382126808167,35,2006,7
0.2589527666568756,36,2006,8
0.2576335072517395,37,2006,8
0.2558801770210266,38,2006,8
0.2549119293689728,39,2006,8
0.25200924277305603,40,2006,8
0.250470906496048,41,2006,9
0.2496403157711029,42,2006,9
0.25117605924606323,43,2006,9
0.2565722167491913,44,2006,9
0.2622545063495636,45,2006,10
0.2669476866722107,46,2006,10
0.2718452513217926,47,2006,10
0.27373450994491577,48,2006,10
0.2758653461933136,49,2006,10
0.2804687023162842,50,2006,11
0.2846139371395111,51,2006,11
0.288909912109375,52,2006,11
0.2861155867576599,1,2007,0
0.24683012068271637,1,2003,0
0.25907427072525024,2,2003,0
0.2708507776260376,3,2003,0
0.27773892879486084,4,2003,0
0.2817765772342682,5,2003,1
0.2838442921638489,6,2003,1
0.28679484128952026,7,2003,1
0.29327651858329773,8,2003,1
0.2986554205417633,9,2003,2
0.30707108974456787,10,2003,2
0.3143552541732788,11,2003,2
0.31955617666244507,12,2003,2
0.3239067792892456,13,2003,2
0.3266761302947998,14,2003,3
0.33068475127220154,15,2003,3
0.3379529118537903,16,2003,3
0.34287208318710327,17,2003,3
0.3487134277820587,18,2003,4
0.35089564323425293,19,2003,4
0.3501785695552826,20,2003,4
0.34547150135040283,21,2003,4
0.33621618151664734,22,2003,4
0.3297402262687683,23,2003,5
0.32244402170181274,24,2003,5
0.3143242299556732,25,2003,5
0.3072742223739624,26,2003,5
0.30234232544898987,27,2003,6
0.29539576172828674,28,2003,6
0.28798142075538635,29,2003,6
0.2826666831970215,30,2003,6
0.2784925699234009,31,2003,6
0.2707942724227905,32,2003,7
0.26314660906791687,33,2003,7
0.25981804728507996,34,2003,7
0.25712013244628906,35,2003,7
0.2551622986793518,36,2003,8
0.2545570135116577,37,2003,8
0.2530779540538788,38,2003,8
0.2505597770214081,39,2003,8
0.2458644062280655,40,2003,8
0.24101275205612183,41,2003,9
0.23811115324497223,42,2003,9
0.24037747085094452,43,2003,9
0.24440550804138184,44,2003,9
0.24387504160404205,45,2003,10
0.2447601705789566,46,2003,10
0.24676603078842163,47,2003,10
0.24799761176109314,48,2003,10
0.2516232430934906,49,2003,10
0.25890788435935974,50,2003,11
0.2669180631637573,51,2003,11
0.2741718590259552,52,2003,11
0.27811089158058167,1,2004,0
0.2982352375984192,5,2004,1
0.3038936257362366,6,2004,1
0.30731427669525146,7,2004,1
0.30769017338752747,8,2004,1
0.305936336517334,9,2004,2
0.30515724420547485,10,2004,2
0.32419806718826294,25,2004,5
0.31955260038375854,26,2004,5
0.315900593996048,27,2004,6
0.3108313977718353,28,2004,6
0.2978704869747162,30,2004,6
0.29130372405052185,31,2004,6
0.28548550605773926,32,2004,7
0.27924415469169617,33,2004,7
0.27358272671699524,34,2004,7
0.2689911127090454,35,2004,7
0.26592373847961426,36,2004,8
0.26460322737693787,37,2004,8
0.2616806924343109,38,2004,8
0.2611831724643707,39,2004,8
0.25859829783439636,40,2004,8
0.2534802556037903,41,2004,9
0.24662478268146515,42,2004,9
0.2436477243900299,43,2004,9
0.24718524515628815,44,2004,9
0.2504214346408844,45,2004,10
0.24946948885917664,46,2004,10
0.246916264295578,47,2004,10
0.24427126348018646,48,2004,10
0.24425598978996277,49,2004,10
0.24616114795207977,50,2004,11
0.2499767541885376,51,2004,11
0.25649958848953247,52,2004,11
0.26190340518951416,1,2005,0
0.2645103931427002,2,2005,0
0.26530009508132935,3,2005,0
0.2641485333442688,4,2005,0
0.2619682252407074,5,2005,1
0.2600993812084198,6,2005,1
0.25832584500312805,7,2005,1
0.25783759355545044,8,2005,1
0.25709909200668335,9,2005,2
0.2564186453819275,10,2005,2
0.2961430549621582,9,2001,2
0.29841506481170654,10,2001,2
0.30418360233306885,11,2001,2
0.3126363754272461,12,2001,2
0.3228090703487396,13,2001,2
0.3304835557937622,14,2001,3
0.33383625745773315,15,2001,3
0.3327183127403259,16,2001,3
0.33231815695762634,17,2001,3
0.3302277624607086,18,2001,4
0.32808244228363037,19,2001,4
0.3268049359321594,20,2001,4
0.32655462622642517,21,2001,4
0.325275182723999,22,2001,4
0.32140791416168213,23,2001,5
0.31434956192970276,24,2001,5
0.30737295746803284,25,2001,5
0.3017160892486572,26,2001,5
0.29594510793685913,27,2001,6
0.28978294134140015,28,2001,6
0.28305602073669434,29,2001,6
0.2780550420284271,30,2001,6
0.2729901373386383,31,2001,6
0.26773807406425476,32,2001,7
0.26397016644477844,33,2001,7
0.2613670527935028,34,2001,7
0.25880753993988037,35,2001,7
0.25702589750289917,36,2001,8
0.25554797053337097,37,2001,8
0.2540702223777771,38,2001,8
0.2504907250404358,39,2001,8
0.2483203262090683,40,2001,8
0.2512357831001282,41,2001,9
0.2550772726535797,42,2001,9
0.25999507308006287,43,2001,9
0.2626550793647766,44,2001,9
0.26484236121177673,45,2001,10
0.26618194580078125,46,2001,10
0.26481661200523376,47,2001,10
0.2635246813297272,48,2001,10
0.2643175423145294,49,2001,10
0.26422151923179626,50,2001,11
0.2619071304798126,51,2001,11
0.2585597038269043,52,2001,11
0.2583722770214081,1,2002,0
0.2601923942565918,2,2002,0
0.26198482513427734,3,2002,0
0.2648283839225769,4,2002,0
0.2706838846206665,5,2002,1
0.27816006541252136,6,2002,1
0.2802552580833435,7,2002,1
0.2797839939594269,8,2002,1
0.28376156091690063,9,2002,2
0.2914954125881195,10,2002,2
0.29743891954421997,11,2002,2
0.3042747378349304,12,2002,2
0.313100665807724,13,2002,2
0.3251904547214508,14,2002,3
0.332227885723114,15,2002,3
0.3387402594089508,16,2002,3
0.34211716055870056,17,2002,3
0.3470756709575653,18,2002,4
0.3477156162261963,19,2002,4
0.3428856134414673,20,2002,4
0.3362206518650055,21,2002,4
0.3313460350036621,22,2002,4
0.3243543207645416,23,2002,5
0.31400200724601746,24,2002,5
0.3047543466091156,25,2002,5
0.2993681728839874,26,2002,5
0.293308287858963,27,2002,6
0.2865307927131653,28,2002,6
0.28188571333885193,29,2002,6
0.2768350839614868,30,2002,6
0.2704022228717804,31,2002,6
0.2641827166080475,32,2002,7
0.26041004061698914,33,2002,7
0.257050484418869,34,2002,7
0.25566962361335754,35,2002,7
0.2535649836063385,36,2002,8
0.2531203031539917,37,2002,8
0.25272083282470703,38,2002,8
0.2527003586292267,39,2002,8
0.2514837980270386,40,2002,8
0.254153847694397,41,2002,9
0.2554110884666443,42,2002,9
0.2536482810974121,43,2002,9
0.24769841134548187,44,2002,9
0.2423451989889145,45,2002,10
0.23619531095027924,46,2002,10
0.2313268780708313,47,2002,10
0.22930485010147095,48,2002,10
0.22921358048915863,49,2002,10
0.22994908690452576,50,2002,11
0.2324826866388321,51,2002,11
0.23882773518562317,52,2002,11
0.3158890902996063,17,1999,3
0.31776389479637146,18,1999,4
0.32007938623428345,19,1999,4
0.3220408856868744,20,1999,4
0.32535576820373535,21,1999,4
0.3249320387840271,22,1999,4
0.32178542017936707,23,1999,5
0.3159298300743103,24,1999,5
0.3102262020111084,25,1999,5
0.3036932349205017,26,1999,5
0.2968398630619049,27,1999,6
0.2887463867664337,28,1999,6
0.28023087978363037,29,1999,6
0.2744213044643402,30,1999,6
0.26911506056785583,31,1999,6
0.2652823030948639,32,1999,7
0.2626727223396301,33,1999,7
0.2581435739994049,34,1999,7
0.2517477571964264,35,1999,7
0.24479393661022186,36,1999,8
0.23986905813217163,37,1999,8
0.23702472448349,38,1999,8
0.231894388794899,39,1999,8
0.22490015625953674,40,1999,8
0.21864792704582214,41,1999,9
0.21299858391284943,42,1999,9
0.21156048774719238,43,1999,9
0.2104172259569168,44,1999,9
0.2107985019683838,45,1999,10
0.21177731454372406,46,1999,10
0.20947787165641785,47,1999,10
0.20321336388587952,48,1999,10
0.19916103780269623,49,1999,10
0.1983591616153717,50,1999,11
0.20169508457183838,51,1999,11
0.20552626252174377,52,1999,11
0.21307669579982758,1,2000,0
0.22199034690856934,2,2000,0
0.2315307855606079,3,2000,0
0.24133199453353882,4,2000,0
0.2510674297809601,5,2000,1
0.2593264877796173,6,2000,1
0.26884445548057556,7,2000,1
0.2754006087779999,8,2000,1
0.2785104215145111,9,2000,2
0.2809486985206604,10,2000,2
0.2791585922241211,11,2000,2
0.2747390866279602,12,2000,2
0.2734348773956299,13,2000,2
0.2726733088493347,14,2000,3
0.2724733054637909,15,2000,3
0.2749815285205841,16,2000,3
0.27957990765571594,17,2000,3
0.28695374727249146,18,2000,4
0.2950626611709595,19,2000,4
0.30603528022766113,20,2000,4
0.3156253397464752,21,2000,4
0.32232043147087097,22,2000,4
0.32376351952552795,23,2000,5
0.31874269247055054,24,2000,5
0.3101958930492401,25,2000,5
0.30244365334510803,26,2000,5
0.2930401861667633,27,2000,6
0.2839265763759613,28,2000,6
0.2757873833179474,29,2000,6
0.26643192768096924,30,2000,6
0.2569189667701721,31,2000,6
0.2479974329471588,32,2000,7
0.24053333699703217,33,2000,7
0.2367185652256012,34,2000,7
0.23238228261470795,35,2000,7
0.22718696296215057,36,2000,8
0.2227553129196167,37,2000,8
0.2202811986207962,38,2000,8
0.21817077696323395,39,2000,8
0.21567946672439575,40,2000,8
0.21090024709701538,41,2000,9
0.20521186292171478,42,2000,9
0.19583171606063843,43,2000,9
0.18421043455600739,44,2000,9
0.16974274814128876,45,2000,10
0.15919438004493713,46,2000,10
0.1543690413236618,47,2000,10
0.1495768427848816,48,2000,10
0.14470653235912323,49,2000,10
0.147000253200531,50,2000,11
0.15745148062705994,51,2000,11
0.17252039909362793,52,2000,11
0.18976865708827972,1,2001,0
0.2049766331911087,2,2001,0
0.22154821455478668,3,2001,0
0.24017921090126038,4,2001,0
0.2566097676753998,5,2001,1
0.26856109499931335,6,2001,1
0.2802557051181793,7,2001,1
0.2900410592556,8,2001,1
0.2898367941379547,25,1997,5
0.28863856196403503,26,1997,5
0.28726279735565186,27,1997,6
0.28604230284690857,28,1997,6
0.28547272086143494,29,1997,6
0.28329840302467346,30,1997,6
0.28037741780281067,31,1997,6
0.2761482298374176,32,1997,7
0.273622065782547,33,1997,7
0.27297210693359375,34,1997,7
0.2705599367618561,35,1997,7
0.2658122777938843,36,1997,8
0.260699063539505,37,1997,8
0.25479990243911743,38,1997,8
0.24993756413459778,39,1997,8
0.24846836924552917,40,1997,8
0.24749189615249634,41,1997,9
0.24746213853359222,42,1997,9
0.24417492747306824,43,1997,9
0.23832359910011292,44,1997,9
0.23397000133991241,45,1997,10
0.2332911640405655,46,1997,10
0.23469822108745575,47,1997,10
0.23725654184818268,48,1997,10
0.23742686212062836,49,1997,10
0.23747755587100983,50,1997,11
0.23893938958644867,51,1997,11
0.24499739706516266,52,1997,11
0.25396987795829773,1,1998,0
0.262351930141449,2,1998,0
0.2695785164833069,3,1998,0
0.27796193957328796,4,1998,0
0.2861116826534271,5,1998,1
0.29363757371902466,6,1998,1
0.30224916338920593,7,1998,1
0.31080007553100586,8,1998,1
0.31802570819854736,9,1998,2
0.3231959939002991,10,1998,2
0.3235994577407837,11,1998,2
0.32406342029571533,12,1998,2
0.32439714670181274,13,1998,2
0.3228228986263275,14,1998,3
0.3222186267375946,15,1998,3
0.325014591217041,16,1998,3
0.330961138010025,17,1998,3
0.3366301953792572,18,1998,4
0.3373018801212311,19,1998,4
0.3377695679664612,20,1998,4
0.3400263488292694,21,1998,4
0.3427765965461731,22,1998,4
0.34558752179145813,23,1998,5
0.3467494249343872,24,1998,5
0.3456966280937195,25,1998,5
0.3407348096370697,26,1998,5
0.33520862460136414,27,1998,6
0.3295632600784302,28,1998,6
0.32403403520584106,29,1998,6
0.3175613284111023,30,1998,6
0.307789146900177,31,1998,6
0.29566019773483276,32,1998,7
0.2861187756061554,33,1998,7
0.28060269355773926,34,1998,7
0.27478620409965515,35,1998,7
0.26803064346313477,36,1998,8
0.26058220863342285,37,1998,8
0.25446462631225586,38,1998,8
0.2500319480895996,39,1998,8
0.2496165633201599,40,1998,8
0.25115516781806946,41,1998,9
0.2517888844013214,42,1998,9
0.25195613503456116,43,1998,9
0.24918116629123688,44,1998,9
0.24411095678806305,45,1998,10
0.24007530510425568,46,1998,10
0.23812957108020782,47,1998,10
0.2357800155878067,48,1998,10
0.2328035682439804,49,1998,10
0.22985850274562836,50,1998,11
0.2281041443347931,51,1998,11
0.22652959823608398,52,1998,11
0.22580091655254364,1,1999,0
0.2271750271320343,2,1999,0
0.2308177649974823,3,1999,0
0.23618821799755096,4,1999,0
0.24302124977111816,5,1999,1
0.24765782058238983,6,1999,1
0.251575231552124,7,1999,1
0.25599852204322815,8,1999,1
0.2613890767097473,9,1999,2
0.2683257460594177,10,1999,2
0.2773241102695465,11,1999,2
0.2879537343978882,12,1999,2
0.29805970191955566,13,1999,2
0.30590367317199707,14,1999,3
0.31160539388656616,15,1999,3
0.3140912353992462,16,1999,3
0.23243257403373718,33,1995,7
0.22924986481666565,34,1995,7
0.2265218049287796,35,1995,7
0.22324371337890625,36,1995,8
0.22075292468070984,37,1995,8
0.21766163408756256,38,1995,8
0.21306538581848145,39,1995,8
0.20945315062999725,40,1995,8
0.20726405084133148,41,1995,9
0.20245559513568878,42,1995,9
0.19704926013946533,43,1995,9
0.19111962616443634,44,1995,9
0.18410621583461761,45,1995,10
0.18002305924892426,46,1995,10
0.1756434291601181,47,1995,10
0.17138324677944183,48,1995,10
0.16797931492328644,49,1995,10
0.16651469469070435,50,1995,11
0.1682577133178711,51,1995,11
0.16944867372512817,52,1995,11
0.1722792685031891,1,1996,0
0.1785309612751007,2,1996,0
0.18738338351249695,3,1996,0
0.200227290391922,4,1996,0
0.2150423377752304,5,1996,1
0.22752122581005096,6,1996,1
0.24179397523403168,7,1996,1
0.25338244438171387,8,1996,1
0.2605573534965515,9,1996,2
0.267336368560791,10,1996,2
0.27322113513946533,11,1996,2
0.28022873401641846,12,1996,2
0.29088589549064636,13,1996,2
0.3017704486846924,14,1996,3
0.30895739793777466,15,1996,3
0.31490424275398254,16,1996,3
0.32121041417121887,17,1996,3
0.3272809684276581,18,1996,4
0.3325037658214569,19,1996,4
0.33725717663764954,20,1996,4
0.34093233942985535,21,1996,4
0.34149861335754395,22,1996,4
0.3367561399936676,23,1996,5
0.32720690965652466,24,1996,5
0.3165785074234009,25,1996,5
0.30911785364151,26,1996,5
0.30247852206230164,27,1996,6
0.29383385181427,28,1996,6
0.28594547510147095,29,1996,6
0.2789166271686554,30,1996,6
0.2713715136051178,31,1996,6
0.26775628328323364,32,1996,7
0.2658536434173584,33,1996,7
0.2639533579349518,34,1996,7
0.26156359910964966,35,1996,7
0.2585580050945282,36,1996,8
0.2585543394088745,37,1996,8
0.25781407952308655,38,1996,8
0.25547194480895996,39,1996,8
0.25423842668533325,40,1996,8
0.2555420398712158,41,1996,9
0.254507452249527,42,1996,9
0.25053927302360535,43,1996,9
0.24224567413330078,44,1996,9
0.23731720447540283,45,1996,10
0.23169688880443573,46,1996,10
0.22450973093509674,47,1996,10
0.2194472849369049,48,1996,10
0.21648333966732025,49,1996,10
0.21892988681793213,50,1996,11
0.22075486183166504,51,1996,11
0.22193801403045654,52,1996,11
0.22458234429359436,1,1997,0
0.23126758635044098,2,1997,0
0.23844124376773834,3,1997,0
0.24756188690662384,4,1997,0
0.25664252042770386,5,1997,1
0.2693857252597809,6,1997,1
0.28061655163764954,7,1997,1
0.2909832000732422,8,1997,1
0.3001977205276489,9,1997,2
0.3066447079181671,10,1997,2
0.31465092301368713,11,1997,2
0.3195413649082184,12,1997,2
0.3199881315231323,13,1997,2
0.31851640343666077,14,1997,3
0.31754130125045776,15,1997,3
0.3161831796169281,16,1997,3
0.31413355469703674,17,1997,3
0.30944302678108215,18,1997,4
0.3023197054862976,19,1997,4
0.29421931505203247,20,1997,4
0.2889966070652008,21,1997,4
0.28626859188079834,22,1997,4
0.2874012887477875,23,1997,5
0.2892053723335266,24,1997,5
0.3098147511482239,22,1993,4
0.31185927987098694,23,1993,5
0.31136420369148254,24,1993,5
0.3110184967517853,25,1993,5
0.3096727728843689,26,1993,5
0.30590716004371643,27,1993,6
0.3029923737049103,28,1993,6
0.29825156927108765,29,1993,6
0.2915746569633484,30,1993,6
0.2822202146053314,31,1993,6
0.27174678444862366,32,1993,7
0.2632429301738739,33,1993,7
0.251186341047287,34,1993,7
0.24084892868995667,35,1993,7
0.23132601380348206,36,1993,8
0.2205067127943039,37,1993,8
0.21077924966812134,38,1993,8
0.20561079680919647,39,1993,8
0.20010727643966675,40,1993,8
0.19383253157138824,41,1993,9
0.18889042735099792,42,1993,9
0.18319383263587952,43,1993,9
0.1781259924173355,44,1993,9
0.17061027884483337,45,1993,10
0.16431032121181488,46,1993,10
0.15655890107154846,47,1993,10
0.15338823199272156,48,1993,10
0.150407612323761,49,1993,10
0.14705415070056915,50,1993,11
0.15132847428321838,51,1993,11
0.1640387326478958,52,1993,11
0.17729532718658447,1,1994,0
0.19125187397003174,2,1994,0
0.20842035114765167,3,1994,0
0.22707127034664154,4,1994,0
0.2424725741147995,5,1994,1
0.25486913323402405,6,1994,1
0.2669532001018524,7,1994,1
0.2795131802558899,8,1994,1
0.28989672660827637,9,1994,2
0.30035802721977234,10,1994,2
0.3093746602535248,11,1994,2
0.3172943890094757,12,1994,2
0.321561336517334,13,1994,2
0.3235951066017151,14,1994,3
0.32643362879753113,15,1994,3
0.3291325867176056,16,1994,3
0.33169910311698914,17,1994,3
0.33102548122406006,18,1994,4
0.3305720090866089,19,1994,4
0.3309759199619293,20,1994,4
0.33138227462768555,21,1994,4
0.3287135362625122,22,1994,4
0.3263799846172333,23,1994,5
0.3226024806499481,24,1994,5
0.3141224682331085,25,1994,5
0.30166420340538025,26,1994,5
0.2907162010669708,27,1994,6
0.28070613741874695,28,1994,6
0.27047085762023926,29,1994,6
0.26296475529670715,30,1994,6
0.25772199034690857,31,1994,6
0.25407370924949646,32,1994,7
0.2513716220855713,33,1994,7
0.2483513206243515,34,1994,7
0.24521808326244354,35,1994,7
0.2415439337491989,36,1994,8
0.2795626223087311,4,1995,0
0.2888769805431366,5,1995,1
0.29478761553764343,6,1995,1
0.3009129762649536,7,1995,1
0.30640730261802673,8,1995,1
0.3118668794631958,9,1995,2
0.31708547472953796,10,1995,2
0.32069095969200134,11,1995,2
0.32320135831832886,12,1995,2
0.3222292363643646,13,1995,2
0.3193286955356598,14,1995,3
0.3134469985961914,15,1995,3
0.30665168166160583,16,1995,3
0.30033180117607117,17,1995,3
0.2955375015735626,18,1995,4
0.29102182388305664,19,1995,4
0.28745293617248535,20,1995,4
0.2835713326931,21,1995,4
0.27675122022628784,22,1995,4
0.2683698534965515,23,1995,5
0.25965774059295654,24,1995,5
0.25233107805252075,25,1995,5
0.24751894176006317,26,1995,5
0.2440381795167923,27,1995,6
0.24234814941883087,28,1995,6
0.24114184081554413,29,1995,6
0.23856912553310394,30,1995,6
0.2362353801727295,31,1995,6
0.2338109016418457,32,1995,7
0.2776920795440674,30,1991,6
0.2713606357574463,31,1991,6
0.265058696269989,32,1991,7
0.2581588327884674,33,1991,7
0.24991391599178314,34,1991,7
0.243892639875412,35,1991,7
0.24231427907943726,36,1991,8
0.2393958419561386,37,1991,8
0.23803670704364777,38,1991,8
0.2351648360490799,39,1991,8
0.23235702514648438,40,1991,8
0.2297348976135254,41,1991,9
0.22612915933132172,42,1991,9
0.22354373335838318,43,1991,9
0.2223396897315979,44,1991,9
0.2199128419160843,45,1991,10
0.21405817568302155,46,1991,10
0.2048076093196869,47,1991,10
0.19928991794586182,48,1991,10
0.20288807153701782,49,1991,10
0.20658347010612488,50,1991,11
0.21313868463039398,51,1991,11
0.21752670407295227,52,1991,11
0.22147929668426514,1,1992,0
0.2243654578924179,2,1992,0
0.22805142402648926,3,1992,0
0.23349595069885254,4,1992,0
0.24100255966186523,5,1992,1
0.2465173453092575,6,1992,1
0.24849933385849,7,1992,1
0.2536463141441345,8,1992,1
0.26194116473197937,9,1992,2
0.26899024844169617,10,1992,2
0.27388039231300354,11,1992,2
0.2788512408733368,12,1992,2
0.2849816679954529,13,1992,2
0.28912755846977234,14,1992,3
0.2900473177433014,15,1992,3
0.29258841276168823,16,1992,3
0.29525619745254517,17,1992,3
0.29240554571151733,18,1992,4
0.28393712639808655,19,1992,4
0.27353784441947937,20,1992,4
0.26577436923980713,21,1992,4
0.258049339056015,22,1992,4
0.25074976682662964,23,1992,5
0.2479797899723053,24,1992,5
0.2513035237789154,25,1992,5
0.2568054497241974,26,1992,5
0.25936242938041687,27,1992,6
0.25897789001464844,28,1992,6
0.2584012746810913,29,1992,6
0.2578103840351105,30,1992,6
0.2554692029953003,31,1992,6
0.2538953721523285,32,1992,7
0.2533392310142517,33,1992,7
0.25079745054244995,34,1992,7
0.24765408039093018,35,1992,7
0.24257977306842804,36,1992,8
0.2357892394065857,37,1992,8
0.2289588749408722,38,1992,8
0.21987348794937134,39,1992,8
0.21235691010951996,40,1992,8
0.20640724897384644,41,1992,9
0.2006591558456421,42,1992,9
0.19770900905132294,43,1992,9
0.19537529349327087,44,1992,9
0.1939520239830017,45,1992,10
0.19566503167152405,46,1992,10
0.1956881582736969,47,1992,10
0.19839490950107574,48,1992,10
0.20025144517421722,49,1992,10
0.20201924443244934,50,1992,11
0.20691731572151184,51,1992,11
0.2147447019815445,52,1992,11
0.2240179479122162,1,1993,0
0.23211197555065155,2,1993,0
0.23644451797008514,3,1993,0
0.24361518025398254,4,1993,0
0.2510315477848053,5,1993,1
0.2597251236438751,6,1993,1
0.27082446217536926,7,1993,1
0.2789978086948395,8,1993,1
0.28603309392929077,9,1993,2
0.2899637222290039,10,1993,2
0.2915990352630615,11,1993,2
0.2964007258415222,12,1993,2
0.3006245791912079,13,1993,2
0.301631361246109,14,1993,3
0.2980765402317047,15,1993,3
0.29100799560546875,16,1993,3
0.28662726283073425,17,1993,3
0.28634408116340637,18,1993,4
0.2872230112552643,19,1993,4
0.29525113105773926,20,1993,4
0.30227506160736084,21,1993,4
0.22979086637496948,38,1989,8
0.22785718739032745,39,1989,8
0.22388918697834015,40,1989,8
0.21967171132564545,41,1989,9
0.21350888907909393,42,1989,9
0.2046615481376648,43,1989,9
0.1938214749097824,44,1989,9
0.17927773296833038,45,1989,10
0.16630272567272186,46,1989,10
0.15815073251724243,47,1989,10
0.15641789138317108,48,1989,10
0.16151538491249084,49,1989,10
0.17597590386867523,50,1989,11
0.19588066637516022,51,1989,11
0.2143891602754593,52,1989,11
0.2325437217950821,1,1990,0
0.24773289263248444,2,1990,0
0.25872355699539185,3,1990,0
0.2671816647052765,4,1990,0
0.27581313252449036,5,1990,1
0.2838054895401001,6,1990,1
0.29060766100883484,7,1990,1
0.29678428173065186,8,1990,1
0.3032308518886566,9,1990,2
0.30615803599357605,10,1990,2
0.30875056982040405,11,1990,2
0.30949291586875916,12,1990,2
0.31149083375930786,13,1990,2
0.31374672055244446,14,1990,3
0.3152918815612793,15,1990,3
0.316993772983551,16,1990,3
0.3174358904361725,17,1990,3
0.3185145854949951,18,1990,4
0.31943023204803467,19,1990,4
0.3181617856025696,20,1990,4
0.31622734665870667,21,1990,4
0.3150528371334076,22,1990,4
0.3118780255317688,23,1990,5
0.3091149926185608,24,1990,5
0.30409371852874756,25,1990,5
0.2992187738418579,26,1990,5
0.29363030195236206,27,1990,6
0.28771135210990906,28,1990,6
0.2818962037563324,29,1990,6
0.2736028730869293,30,1990,6
0.2670484483242035,31,1990,6
0.26039695739746094,32,1990,7
0.25319188833236694,33,1990,7
0.2468891143798828,34,1990,7
0.2386523336172104,35,1990,7
0.23052452504634857,36,1990,8
0.22712229192256927,37,1990,8
0.22594629228115082,38,1990,8
0.22454681992530823,39,1990,8
0.22350889444351196,40,1990,8
0.2217187136411667,41,1990,9
0.2244982123374939,42,1990,9
0.2255854457616806,43,1990,9
0.2300151139497757,44,1990,9
0.23206216096878052,45,1990,10
0.23576761782169342,46,1990,10
0.23847374320030212,47,1990,10
0.2353253960609436,48,1990,10
0.23042315244674683,49,1990,10
0.22940726578235626,50,1990,11
0.2295769602060318,51,1990,11
0.23289141058921814,52,1990,11
0.2364395558834076,1,1991,0
0.23871029913425446,2,1991,0
0.2406539022922516,3,1991,0
0.24258409440517426,4,1991,0
0.2458423376083374,5,1991,1
0.2489701211452484,6,1991,1
0.2543416917324066,7,1991,1
0.26269587874412537,8,1991,1
0.26979976892471313,9,1991,2
0.2785157859325409,10,1991,2
0.28671297430992126,11,1991,2
0.29851779341697693,12,1991,2
0.3123820722103119,13,1991,2
0.3234608471393585,14,1991,3
0.3284655213356018,15,1991,3
0.3329283595085144,16,1991,3
0.33758437633514404,17,1991,3
0.3397720456123352,18,1991,4
0.3397006690502167,19,1991,4
0.3377155363559723,20,1991,4
0.33580976724624634,21,1991,4
0.33293792605400085,22,1991,4
0.3285512328147888,23,1991,5
0.3227001428604126,24,1991,5
0.3166712522506714,25,1991,5
0.3094315528869629,26,1991,5
0.3010070323944092,27,1991,6
0.2913758456707001,28,1991,6
0.28330308198928833,29,1991,6
0.2017935812473297,39,1987,8
0.19696404039859772,40,1987,8
0.19388273358345032,41,1987,9
0.19467203319072723,42,1987,9
0.19604896008968353,43,1987,9
0.197882279753685,44,1987,9
0.2025502473115921,45,1987,10
0.20458146929740906,46,1987,10
0.2028430700302124,47,1987,10
0.19860582053661346,48,1987,10
0.19039355218410492,49,1987,10
0.18729211390018463,50,1987,11
0.18922118842601776,51,1987,11
0.1957036554813385,52,1987,11
0.20534054934978485,1,1988,0
0.21555396914482117,2,1988,0
0.22642870247364044,3,1988,0
0.23769673705101013,4,1988,0
0.2533099353313446,5,1988,1
0.27194157242774963,6,1988,1
0.28692707419395447,7,1988,1
0.2959129214286804,8,1988,1
0.30472585558891296,9,1988,2
0.31007567048072815,10,1988,2
0.31193041801452637,11,1988,2
0.31003496050834656,12,1988,2
0.30679094791412354,13,1988,2
0.3050045967102051,14,1988,3
0.3037322461605072,15,1988,3
0.30170950293540955,16,1988,3
0.29854485392570496,17,1988,3
0.2986266613006592,18,1988,4
0.3017239272594452,19,1988,4
0.30410534143447876,20,1988,4
0.3077802062034607,21,1988,4
0.31173229217529297,22,1988,4
0.3113485276699066,23,1988,5
0.30679482221603394,24,1988,5
0.30293869972229004,25,1988,5
0.3039359748363495,26,1988,5
0.31018418073654175,27,1988,6
0.31574252247810364,28,1988,6
0.31666624546051025,29,1988,6
0.3109240233898163,30,1988,6
0.3046078085899353,31,1988,6
0.29851624369621277,32,1988,7
0.2906884551048279,33,1988,7
0.2833511531352997,34,1988,7
0.27332767844200134,35,1988,7
0.26335909962654114,36,1988,8
0.2522335946559906,37,1988,8
0.23850691318511963,38,1988,8
0.2250756323337555,39,1988,8
0.21200551092624664,40,1988,8
0.20980748534202576,41,1988,9
0.2003120481967926,42,1988,9
0.19574744999408722,43,1988,9
0.2002401053905487,44,1988,9
0.2118425816297531,45,1988,10
0.25270795822143555,1,1989,0
0.24930787086486816,2,1989,0
0.24926185607910156,3,1989,0
0.25052398443222046,4,1989,0
0.25236743688583374,5,1989,1
0.2532041668891907,6,1989,1
0.2544885575771332,7,1989,1
0.2599266767501831,8,1989,1
0.26859840750694275,9,1989,2
0.27583563327789307,10,1989,2
0.28121939301490784,11,1989,2
0.2841215133666992,12,1989,2
0.28538841009140015,13,1989,2
0.28518831729888916,14,1989,3
0.28569018840789795,15,1989,3
0.295937716960907,16,1989,3
0.3059598207473755,17,1989,3
0.3106088638305664,18,1989,4
0.30819740891456604,19,1989,4
0.30085980892181396,20,1989,4
0.29299768805503845,21,1989,4
0.29070207476615906,22,1989,4
0.28821825981140137,23,1989,5
0.28896406292915344,24,1989,5
0.28901979327201843,25,1989,5
0.2871984541416168,26,1989,5
0.28139927983283997,27,1989,6
0.27375560998916626,28,1989,6
0.268225759267807,29,1989,6
0.2626677453517914,30,1989,6
0.2572603225708008,31,1989,6
0.25120747089385986,32,1989,7
0.245675191283226,33,1989,7
0.24130408465862274,34,1989,7
0.2374507188796997,35,1989,7
0.23288312554359436,36,1989,8
0.23028510808944702,37,1989,8
0.17739790678024292,47,1985,10
0.18052135407924652,48,1985,10
0.17975632846355438,49,1985,10
0.17741236090660095,50,1985,11
0.177656888961792,51,1985,11
0.18174394965171814,52,1985,11
0.1844494640827179,1,1986,0
0.18652883172035217,2,1986,0
0.1890939623117447,3,1986,0
0.19287969172000885,4,1986,0
0.19561553001403809,5,1986,1
0.20017912983894348,6,1986,1
0.20677584409713745,7,1986,1
0.21849927306175232,8,1986,1
0.23115549981594086,9,1986,2
0.2404799908399582,10,1986,2
0.2488902509212494,11,1986,2
0.2562394142150879,12,1986,2
0.26269248127937317,13,1986,2
0.2687131464481354,14,1986,3
0.27595996856689453,15,1986,3
0.2844236493110657,16,1986,3
0.29376477003097534,17,1986,3
0.3026134967803955,18,1986,4
0.3108879327774048,19,1986,4
0.31398487091064453,20,1986,4
0.3151756227016449,21,1986,4
0.31411656737327576,22,1986,4
0.3091532289981842,23,1986,5
0.3051803410053253,24,1986,5
0.3001048266887665,25,1986,5
0.292875736951828,26,1986,5
0.28684002161026,27,1986,6
0.2805621325969696,28,1986,6
0.27266135811805725,29,1986,6
0.2643982470035553,30,1986,6
0.2570236623287201,31,1986,6
0.25158074498176575,32,1986,7
0.24480457603931427,33,1986,7
0.2359306663274765,34,1986,7
0.22804826498031616,35,1986,7
0.22057105600833893,36,1986,8
0.21719016134738922,37,1986,8
0.21510739624500275,38,1986,8
0.21638929843902588,39,1986,8
0.22135941684246063,40,1986,8
0.2293928563594818,41,1986,9
0.2351614087820053,42,1986,9
0.23859521746635437,43,1986,9
0.2398282140493393,44,1986,9
0.24140270054340363,45,1986,10
0.23867042362689972,46,1986,10
0.2341798096895218,47,1986,10
0.23201382160186768,48,1986,10
0.23228497803211212,49,1986,10
0.23378951847553253,50,1986,11
0.23523394763469696,51,1986,11
0.23482292890548706,52,1986,11
0.23283955454826355,1,1987,0
0.23249872028827667,2,1987,0
0.23249642550945282,3,1987,0
0.23577003180980682,4,1987,0
0.24156475067138672,5,1987,1
0.2500217854976654,6,1987,1
0.25877657532691956,7,1987,1
0.2693853974342346,8,1987,1
0.2824735939502716,9,1987,2
0.2902805209159851,10,1987,2
0.30052927136421204,11,1987,2
0.31209537386894226,12,1987,2
0.3209003508090973,13,1987,2
0.3252885043621063,14,1987,3
0.33104896545410156,15,1987,3
0.3369106948375702,16,1987,3
0.3421929180622101,17,1987,3
0.3445770740509033,18,1987,4
0.34301212430000305,19,1987,4
0.3363376557826996,20,1987,4
0.3306821882724762,21,1987,4
0.3250252604484558,22,1987,4
0.3148808181285858,23,1987,5
0.3069082796573639,24,1987,5
0.2966313660144806,25,1987,5
0.28471723198890686,26,1987,5
0.2751151919364929,27,1987,6
0.2694127559661865,28,1987,6
0.26649966835975647,29,1987,6
0.26458656787872314,30,1987,6
0.2611287236213684,31,1987,6
0.2554119825363159,32,1987,7
0.24791598320007324,33,1987,7
0.24193798005580902,34,1987,7
0.2368040382862091,35,1987,7
0.2278505265712738,36,1987,8
0.21799126267433167,37,1987,8
0.20932631194591522,38,1987,8
0.18151263892650604,44,1983,9
0.17190156877040863,45,1983,10
0.16912256181240082,46,1983,10
0.17299804091453552,47,1983,10
0.18312107026576996,48,1983,10
0.19032856822013855,49,1983,10
0.19832617044448853,50,1983,11
0.20201466977596283,51,1983,11
0.20641112327575684,52,1983,11
0.21040977537631989,1,1984,0
0.21548686921596527,2,1984,0
0.22403906285762787,3,1984,0
0.23058173060417175,4,1984,0
0.23452235758304596,5,1984,1
0.2407488375902176,6,1984,1
0.24995563924312592,7,1984,1
0.25846701860427856,8,1984,1
0.263545423746109,9,1984,2
0.2649725675582886,10,1984,2
0.26536667346954346,11,1984,2
0.27123603224754333,12,1984,2
0.27695155143737793,13,1984,2
0.2793337404727936,14,1984,3
0.2848520874977112,15,1984,3
0.2911126911640167,16,1984,3
0.2945166826248169,17,1984,3
0.2921239733695984,18,1984,4
0.28900885581970215,19,1984,4
0.2965296804904938,20,1984,4
0.30583450198173523,21,1984,4
0.31607502698898315,22,1984,4
0.32585638761520386,23,1984,5
0.3313598334789276,24,1984,5
0.33547648787498474,25,1984,5
0.3338831961154938,26,1984,5
0.3267998695373535,27,1984,6
0.32280153036117554,28,1984,6
0.3164638876914978,29,1984,6
0.308493971824646,30,1984,6
0.30031952261924744,31,1984,6
0.2913777232170105,32,1984,7
0.28339657187461853,33,1984,7
0.27728310227394104,34,1984,7
0.27252745628356934,35,1984,7
0.2671464681625366,36,1984,8
0.26480284333229065,37,1984,8
0.25928759574890137,38,1984,8
0.2507488429546356,39,1984,8
0.24099351465702057,40,1984,8
0.23006419837474823,41,1984,9
0.21605929732322693,42,1984,9
0.1996673047542572,43,1984,9
0.18277762830257416,44,1984,9
0.17197780311107635,45,1984,10
0.15968602895736694,46,1984,10
0.14930884540081024,47,1984,10
0.14501698315143585,48,1984,10
0.13610894978046417,49,1984,10
0.26008203625679016,9,1985,2
0.2699214518070221,10,1985,2
0.27547135949134827,11,1985,2
0.2819046974182129,12,1985,2
0.28849363327026367,13,1985,2
0.2951715588569641,14,1985,3
0.30121901631355286,15,1985,3
0.30531612038612366,16,1985,3
0.3092136085033417,17,1985,3
0.3084072172641754,18,1985,4
0.3079370856285095,19,1985,4
0.30557796359062195,20,1985,4
0.3049803674221039,21,1985,4
0.30604904890060425,22,1985,4
0.30647361278533936,23,1985,5
0.3063792288303375,24,1985,5
0.3041003942489624,25,1985,5
0.29857975244522095,26,1985,5
0.2926035523414612,27,1985,6
0.28643184900283813,28,1985,6
0.28091105818748474,29,1985,6
0.2769959568977356,30,1985,6
0.27260804176330566,31,1985,6
0.26702067255973816,32,1985,7
0.25976529717445374,33,1985,7
0.25380581617355347,34,1985,7
0.24596728384494781,35,1985,7
0.2357330173254013,36,1985,8
0.22553099691867828,37,1985,8
0.21706169843673706,38,1985,8
0.212004154920578,39,1985,8
0.20685990154743195,40,1985,8
0.1993316411972046,41,1985,9
0.1913788765668869,42,1985,9
0.18385791778564453,43,1985,9
0.17878682911396027,44,1985,9
0.17357127368450165,45,1985,10
0.17299039661884308,46,1985,10
0.1775280386209488,1,1982,0
0.1861642748117447,2,1982,0
0.1969832181930542,3,1982,0
0.20603793859481812,4,1982,0
0.21609345078468323,5,1982,1
0.22814995050430298,6,1982,1
0.24102094769477844,7,1982,1
0.25462204217910767,8,1982,1
0.26558566093444824,9,1982,2
0.2761288285255432,10,1982,2
0.28560855984687805,11,1982,2
0.2906837463378906,12,1982,2
0.2935146689414978,13,1982,2
0.2977551221847534,14,1982,3
0.30016639828681946,15,1982,3
0.3027678430080414,16,1982,3
0.30537110567092896,17,1982,3
0.30027279257774353,18,1982,4
0.29283806681632996,19,1982,4
0.2842751145362854,20,1982,4
0.2771345376968384,21,1982,4
0.2716991603374481,22,1982,4
0.2690103054046631,23,1982,5
0.2695685029029846,24,1982,5
0.26970556378364563,25,1982,5
0.26719099283218384,26,1982,5
0.26390340924263,27,1982,6
0.2586866021156311,28,1982,6
0.25627052783966064,29,1982,6
0.2562039792537689,30,1982,6
0.2514982521533966,31,1982,6
0.25019583106040955,32,1982,7
0.24893119931221008,33,1982,7
0.2436695247888565,34,1982,7
0.23728296160697937,35,1982,7
0.23208516836166382,36,1982,8
0.2262565940618515,37,1982,8
0.2194426953792572,38,1982,8
0.21353766322135925,39,1982,8
0.20941846072673798,40,1982,8
0.20762485265731812,41,1982,9
0.2058539241552353,42,1982,9
0.2022193968296051,43,1982,9
0.19929282367229462,44,1982,9
0.19933810830116272,45,1982,10
0.19901186227798462,46,1982,10
0.1951369345188141,47,1982,10
0.19435319304466248,48,1982,10
0.19663338363170624,49,1982,10
0.1997811645269394,50,1982,11
0.2035847157239914,51,1982,11
0.20968559384346008,52,1982,11
0.214864581823349,1,1983,0
0.22117504477500916,2,1983,0
0.2275097668170929,3,1983,0
0.2302161306142807,4,1983,0
0.23381754755973816,5,1983,1
0.2371423840522766,6,1983,1
0.24225857853889465,7,1983,1
0.2496023178100586,8,1983,1
0.2578536570072174,9,1983,2
0.26402974128723145,10,1983,2
0.2704099118709564,11,1983,2
0.2732154428958893,12,1983,2
0.27101898193359375,13,1983,2
0.26552504301071167,14,1983,3
0.26200124621391296,15,1983,3
0.259076327085495,16,1983,3
0.25786200165748596,17,1983,3
0.2595287561416626,18,1983,4
0.26467248797416687,19,1983,4
0.271991103887558,20,1983,4
0.2794652283191681,21,1983,4
0.28236785531044006,22,1983,4
0.2804327607154846,23,1983,5
0.27970781922340393,24,1983,5
0.27461785078048706,25,1983,5
0.2673098146915436,26,1983,5
0.25988632440567017,27,1983,6
0.2513487935066223,28,1983,6
0.24371080100536346,29,1983,6
0.2376067191362381,30,1983,6
0.23144009709358215,31,1983,6
0.22588971257209778,32,1983,7
0.22513453662395477,33,1983,7
0.2280186116695404,34,1983,7
0.23276659846305847,35,1983,7
0.23394256830215454,36,1983,8
0.23423652350902557,37,1983,8
0.2314569354057312,38,1983,8
0.22631293535232544,39,1983,8
0.21917566657066345,40,1983,8
0.21105918288230896,41,1983,9
0.20564372837543488,42,1983,9
0.19412463903427124,43,1983,9
